{
  "ratios": [
    0.3413194444444444,
    0.145679012345679,
    0.982986111111111,
    0.6370370370370371
  ],
  "screen_size": [
    1320,
    992
  ],
  "description": "left/top/right/bottom 相对微信渲染窗口的比例 (0~1)",
  "stitch_dy": 74
}